date,open,high,close,low,volume,price_change,p_change,ma5,ma10,ma20,v_ma5,v_ma10,v_ma20,turnover
2016-09-02,7.79,8.01,8.0,7.73,194749.67,0.21,2.7,7.916,7.965,8.116,133792.53,114604.2,134910.14,1.23
2016-09-01,7.85,7.85,7.79,7.75,137698.55,-0.12,-1.52,7.906,7.987,8.117,107121.46,110450.93,127795.22,0.87
2016-08-31,7.87,7.94,7.92,7.8,143873.08,0.04,0.51,7.932,8.026,8.133,105255.02,116544.07,125485.35,0.91
2016-08-30,7.97,8.02,7.88,7.86,127681.73,-0.11,-1.38,7.962,8.064,8.137,88149.66,117682.86,121259.56,0.81
2016-08-29,8.0,8.01,7.99,7.92,64959.61,0.05,0.63,8.0,8.117,8.146,80845.57,122271.21,118309.64,0.41
2016-08-26,7.92,8.0,7.95,7.92,61394.34,0.04,0.51,8.014,8.156,8.145,95415.88,135437.62,121325.25,0.39
2016-08-25,8.05,8.06,7.92,7.88,128366.34,-0.16,-1.98,8.068,8.188,8.154,113780.4,142303.53,121276.62,0.81
2016-08-24,8.04,8.09,8.07,8.04,58346.3,0.01,0.12,8.12,8.219,8.169,127833.11,138908.47,121407.86,0.37
2016-08-23,8.07,8.11,8.07,8.0,91161.27,0.01,0.12,8.166,8.242,8.174,147216.06,151095.04,129807.92,0.58
2016-08-22,8.21,8.22,8.06,8.05,137811.14,-0.16,-1.95,8.234,8.258,8.201,163696.85,156106.48,131867.31,0.87
2016-08-19,8.19,8.29,8.22,8.12,153216.94,0.04,0.49,8.298,8.267,8.223,175459.37,155216.09,130842.63,0.97
2016-08-18,8.28,8.29,8.18,8.09,198629.91,-0.11,-1.33,8.308,8.247,8.238,170826.66,145139.51,131619.97,1.26
2016-08-17,8.38,8.38,8.3,8.17,155261.03,-0.1,-1.19,8.318,8.239,8.267,149983.82,134426.63,131807.15,0.98
2016-08-16,8.38,8.44,8.41,8.35,173565.22,0.03,0.36,8.318,8.21,8.288,154974.02,124836.26,140587.86,1.1
2016-08-15,8.25,8.43,8.38,8.19,196623.73,0.11,1.33,8.282,8.175,8.293,148516.12,114348.08,142358.19,1.24
2016-08-12,8.33,8.37,8.27,8.22,130053.43,0.01,0.12,8.236,8.133,8.289,134972.81,107212.89,143606.91,0.82
2016-08-11,8.26,8.37,8.23,8.17,94415.7,-0.07,-0.84,8.186,8.119,8.302,119452.37,100249.72,150869.64,0.6
2016-08-10,8.27,8.44,8.3,8.22,180212.02,0.07,0.85,8.16,8.118,8.305,118869.43,103907.26,156015.59,1.14
2016-08-09,8.14,8.27,8.23,8.14,141275.7,0.09,1.11,8.102,8.106,8.312,94698.51,108520.8,166640.12,0.89
2016-08-08,8.08,8.16,8.15,7.93,128907.18,0.12,1.49,8.068,8.143,8.314,80180.04,107628.14,180943.3,0.82
2016-08-05,8.07,8.18,8.02,8.02,52451.23,-0.08,-0.99,8.03,8.179,8.316,79452.97,106469.17,196059.3,0.33
2016-08-04,8.09,8.2,8.1,8.07,91501.03,0.08,1.0,8.052,8.229,8.294,81047.06,118100.43,199744.14,0.58
2016-08-03,8.01,8.11,8.01,7.93,59357.39,-0.04,-0.5,8.076,8.294,8.278,88945.09,129187.68,199595.53,0.38
2016-08-02,7.83,8.13,8.06,7.83,68683.37,0.1,1.26,8.11,8.366,8.269,122343.1,156339.45,200132.59,0.43
2016-08-01,8.16,8.16,7.96,7.81,125271.81,-0.18,-2.21,8.218,8.41,8.255,135076.25,170368.3,201129.53,0.79
2016-07-29,8.2,8.2,8.13,8.1,60421.72,-0.09,-1.09,8.328,8.445,8.248,133485.37,180000.94,200582.38,0.38
2016-07-28,8.18,8.26,8.22,8.05,130991.17,0.03,0.37,8.406,8.484,8.231,155153.79,201489.56,203765.26,0.83
2016-07-27,8.58,8.69,8.18,8.08,226347.42,-0.42,-4.88,8.512,8.491,8.214,169430.26,208123.92,202261.69,1.43
2016-07-26,8.47,8.61,8.6,8.37,132349.11,0.1,1.18,8.622,8.517,8.205,190335.81,224759.44,199618.73,0.84
2016-07-25,8.52,8.62,8.51,8.35,117317.41,-0.01,-0.12,8.602,8.485,8.167,205660.35,254258.46,199648.31,0.74
2016-07-22,8.7,8.71,8.52,8.51,168763.83,-0.23,-2.63,8.562,8.453,8.144,226516.52,285649.44,208146.77,1.07
2016-07-21,8.73,8.95,8.75,8.66,202373.52,0.02,0.23,8.562,8.359,8.149,247825.32,281387.86,228633.39,1.28
2016-07-20,8.5,8.9,8.73,8.43,330875.16,0.24,2.83,8.47,8.261,8.124,246817.58,270003.38,225824.77,2.09
2016-07-19,8.27,8.55,8.5,8.25,208971.83,0.18,2.16,8.412,8.172,8.1,259183.07,243925.72,216723.35,1.32
2016-07-18,8.41,8.6,8.31,8.3,221598.27,-0.2,-2.35,8.368,8.1,8.083,302856.56,231890.76,212801.84,1.4
2016-07-15,8.3,8.68,8.52,8.23,275307.84,0.23,2.77,8.344,8.051,8.078,344782.35,221163.81,208858.41,1.74
2016-07-14,8.33,8.38,8.29,8.19,197334.81,-0.16,-1.89,8.156,7.978,8.064,314950.4,206040.96,204450.67,1.25
2016-07-13,8.29,8.55,8.44,8.16,392702.62,0.17,2.06,8.052,7.937,8.064,293189.17,196399.45,205509.82,2.48
2016-07-12,8.1,8.35,8.28,7.92,427339.28,0.1,1.22,7.932,7.893,8.043,228668.37,174478.02,190736.63,2.7
2016-07-11,8.1,8.3,8.19,7.86,431227.22,0.61,8.05,7.832,7.848,8.034,160924.96,145038.16,175860.05,2.73
2016-06-24,7.8,7.82,7.58,7.41,126148.06,-0.19,-2.44,7.758,7.835,8.033,97545.27,130644.11,167095.99,0.8
2016-06-23,7.92,7.93,7.77,7.73,88528.66,-0.07,-0.89,7.8,7.938,8.045,97131.53,175878.93,165218.39,0.56
2016-06-22,7.8,7.84,7.84,7.71,70098.64,0.07,0.9,7.822,7.987,8.045,99609.74,181646.15,165491.16,0.44
2016-06-21,7.83,7.94,7.78,7.72,88622.21,-0.04,-0.51,7.854,8.027,8.052,120287.67,189520.98,167646.63,0.56
2016-06-20,7.87,7.98,7.82,7.78,114328.77,0.02,0.26,7.864,8.066,8.059,129151.37,193712.92,168696.48,0.72
2016-06-17,7.81,7.95,7.79,7.75,124079.36,-0.09,-1.14,7.912,8.104,8.065,163742.95,196553.01,169372.33,0.78
2016-06-16,7.96,7.97,7.88,7.84,100919.72,-0.12,-1.5,8.076,8.149,8.078,254626.33,202860.37,172569.47,0.64
2016-06-15,7.69,8.05,8.0,7.66,173488.3,0.18,2.3,8.152,8.19,8.095,263682.57,214620.19,184264.9,1.1
2016-06-14,7.96,8.04,7.83,7.77,132940.7,-0.22,-2.73,8.2,8.193,8.088,258754.29,206995.24,182646.03,0.84
2016-06-13,8.35,8.39,8.06,8.01,287286.66,-0.55,-6.39,8.268,8.219,8.086,258274.48,206681.93,181062.89,1.82
2016-06-08,8.29,8.73,8.61,8.26,578496.25,0.36,4.36,8.296,8.23,8.072,229363.07,203547.87,177617.21,3.66
2016-06-07,8.25,8.33,8.26,8.22,146200.94,0.03,0.36,8.222,8.151,8.018,151094.41,154557.85,156041.66,0.92
2016-06-06,8.11,8.26,8.24,8.11,148846.91,0.08,0.98,8.228,8.103,7.976,165557.8,149336.16,157074.85,0.94
2016-06-03,8.23,8.27,8.17,8.1,130541.62,-0.03,-0.37,8.186,8.077,7.94,155236.18,145772.28,160890.54,0.83
2016-06-02,8.25,8.26,8.2,8.11,142729.62,-0.04,-0.48,8.17,8.052,7.929,155089.38,143680.03,166297.87,0.9
2016-06-01,8.28,8.36,8.24,8.2,187152.98,-0.05,-0.6,8.164,8.025,7.935,177732.66,142191.64,165020.2,1.18
2016-05-31,8.04,8.31,8.29,8.04,218517.89,0.25,3.11,8.08,8.006,7.94,158021.28,142278.57,168740.08,1.38
2016-05-30,8.13,8.14,8.03,7.97,97238.79,-0.05,-0.62,7.978,8.0,7.953,133114.51,153909.62,168075.14,0.62
2016-05-27,8.18,8.18,8.09,8.0,129807.6,-0.08,-0.98,7.968,7.983,7.974,136308.38,158296.83,174317.98,0.82
2016-05-26,7.87,8.19,8.17,7.85,255946.05,0.36,4.61,7.934,7.952,7.985,132270.69,155443.85,177934.37,1.62
2016-05-25,7.85,7.97,7.82,7.77,88596.09,0.04,0.51,7.886,7.914,7.993,106650.62,151686.55,176717.69,0.56
2016-05-24,7.95,7.97,7.78,7.7,93984.03,-0.2,-2.51,7.932,7.885,8.008,126535.85,157525.47,180239.66,0.59
2016-05-23,7.86,8.12,7.98,7.86,113208.14,0.06,0.76,8.022,7.848,8.024,174704.72,164813.55,182681.43,0.72
2016-05-20,7.87,7.93,7.92,7.76,109619.15,-0.01,-0.13,7.998,7.802,8.036,180285.27,176008.81,186710.86,0.69
2016-05-19,7.99,8.12,7.93,7.9,127845.71,-0.11,-1.37,7.97,7.805,8.058,178617.0,188915.7,201482.73,0.81
2016-05-18,8.06,8.3,8.05,7.96,188022.22,-0.17,-2.07,7.942,7.844,8.064,196722.48,187848.75,215011.13,1.19
2016-05-17,7.97,8.38,8.23,7.97,334828.38,0.37,4.71,7.838,7.874,8.1,188515.09,195201.6,216725.97,2.12
2016-05-16,7.66,7.92,7.86,7.6,141110.91,0.1,1.29,7.674,7.905,8.126,154922.37,182240.67,219701.04,0.89
2016-05-13,7.71,7.92,7.78,7.58,101277.79,-0.03,-0.38,7.606,7.964,8.191,171732.34,190339.13,228398.07,0.64
2016-05-12,7.5,7.95,7.79,7.32,218373.09,0.26,3.45,7.64,8.018,8.262,199214.39,200424.89,238991.13,1.38
2016-05-11,7.5,7.68,7.53,7.47,146985.27,0.12,1.62,7.746,8.072,8.329,178975.03,201748.82,277764.12,0.93
2016-05-10,7.52,7.54,7.41,7.32,166864.8,-0.11,-1.46,7.91,8.13,8.392,201888.11,202953.86,289771.35,1.06
2016-05-09,7.89,7.89,7.52,7.36,225160.73,-0.44,-5.53,8.136,8.2,8.468,209558.97,200549.31,308697.74,1.42
2016-05-06,8.34,8.35,7.95,7.92,238688.08,-0.37,-4.45,8.322,8.269,8.538,208945.92,197412.92,332254.37,1.51
2016-05-05,8.36,8.39,8.32,8.24,117176.25,-0.02,-0.24,8.396,8.311,8.614,201635.4,214049.76,378038.97,0.74
2016-05-04,8.41,8.47,8.35,8.28,261550.7,-0.19,-2.23,8.398,8.284,8.636,224522.61,242173.51,434968.68,1.65
2016-05-03,8.43,8.57,8.54,8.28,205219.11,0.09,1.06,8.35,8.325,8.651,204019.61,238250.33,427848.63,1.3
2016-04-29,8.35,8.48,8.45,8.18,222095.44,0.14,1.69,8.264,8.346,8.616,191539.64,257161.41,474957.8,1.4
2016-04-28,8.39,8.54,8.32,8.2,202135.48,-0.01,-0.12,8.216,8.417,8.565,185879.91,266457.01,532620.77,1.28
2016-04-27,8.24,8.4,8.33,8.16,231612.33,0.21,2.59,8.226,8.505,8.488,226464.13,277557.36,551437.04,1.47
2016-04-26,8.11,8.19,8.11,8.0,159035.67,0.0,0.0,8.17,8.585,8.38,259824.41,353779.42,563644.67,1.01
2016-04-25,8.21,8.21,8.11,7.98,142819.28,-0.1,-1.22,8.3,8.654,8.316,272481.06,376588.85,576721.62,0.9
2016-04-22,8.14,8.3,8.21,8.0,193796.81,-0.16,-1.91,8.428,8.735,8.29,322783.18,416846.16,584685.15,1.23
2016-04-21,8.13,8.55,8.37,8.11,405056.56,0.33,4.1,8.618,8.806,8.252,347034.1,467095.83,595680.47,2.56
2016-04-20,8.84,8.91,8.05,7.88,398413.75,-0.7,-8.0,8.784,8.916,8.222,328650.59,542028.18,608998.66,2.52
2016-04-19,8.81,8.88,8.76,8.63,222318.88,0.02,0.23,9.0,8.988,8.185,447734.42,627763.85,603627.0,1.41
2016-04-18,8.9,8.9,8.75,8.62,394329.88,-0.41,-4.48,9.008,8.976,8.097,480696.64,617446.94,610833.95,2.49
2016-04-15,9.19,9.28,9.16,9.14,315051.41,-0.04,-0.43,9.042,8.885,8.014,510909.15,692754.2,615019.96,1.99
2016-04-14,9.26,9.26,9.2,9.03,313139.03,0.06,0.66,8.994,8.712,7.935,587157.57,798784.53,632353.38,1.98
2016-04-13,9.15,9.47,9.13,9.09,993832.88,0.32,3.63,9.048,8.47,7.877,755405.76,825316.73,646357.45,6.29
2016-04-12,9.05,9.15,8.8,8.7,387130.0,-0.12,-1.34,8.976,8.174,7.82,807793.29,773509.93,636079.45,2.45
2016-04-11,9.09,9.3,8.92,8.85,545392.44,0.0,0.0,8.944,7.977,7.743,754197.24,776854.39,645340.49,3.45
2016-04-08,9.22,9.25,8.92,8.76,696293.5,-0.55,-5.81,8.728,7.844,7.637,874599.25,752524.14,650776.84,4.4
2016-04-07,8.85,9.6,9.47,8.85,1154380.0,0.71,8.11,8.43,7.697,7.566,1010411.5,724265.12,644502.97,7.3
2016-04-06,9.0,9.42,8.77,8.64,1255770.5,0.13,1.5,7.892,7.528,7.509,895227.69,675969.15,606378.74,7.94
2016-04-05,8.64,8.64,8.64,8.64,119149.74,0.79,10.06,7.372,7.382,7.534,739226.56,579490.15,566791.38,0.75
2015-09-18,7.31,7.88,7.84,6.93,1147402.5,0.41,5.52,7.01,7.218,7.599,799511.54,604220.97,582204.43,7.26
2015-09-17,7.15,7.46,7.43,7.08,1375354.75,0.65,9.59,6.96,7.142,7.717,630449.03,537285.72,550469.72,8.7
2015-09-16,6.24,6.78,6.78,6.12,578460.94,0.62,10.06,6.964,7.158,7.849,438118.73,465922.23,516459.88,3.66
2015-09-15,6.68,6.93,6.17,6.15,475764.88,-0.66,-9.66,7.164,7.283,8.071,456710.61,467398.17,515320.99,3.01
2015-09-14,7.6,7.71,6.83,6.83,420574.62,-0.76,-10.01,7.392,7.466,8.316,419753.74,498648.98,535623.27,2.66
2015-09-11,7.5,7.7,7.59,7.45,302089.94,0.13,1.74,7.426,7.509,8.513,408930.39,513826.59,535987.5,1.91
2015-09-10,7.5,7.68,7.45,7.41,413703.28,-0.32,-4.12,7.324,7.43,8.664,444122.41,549029.54,546904.52,2.62
2015-09-09,7.38,7.87,7.78,7.27,671420.31,0.47,6.43,7.352,7.435,8.839,493725.73,564740.82,568584.75,4.25
2015-09-08,7.02,7.32,7.31,6.8,290980.53,0.31,4.43,7.402,7.49,8.983,478085.73,536788.34,567647.02,1.84
2015-09-07,7.18,7.46,7.0,6.81,366457.91,-0.08,-1.13,7.54,7.685,9.129,577544.23,554092.62,568560.12,2.32
2015-09-02,7.0,7.64,7.08,6.91,478050.03,-0.51,-6.72,7.592,7.979,9.279,618722.79,560187.89,562547.46,3.02
2015-09-01,8.1,8.26,7.59,7.57,661719.88,-0.43,-5.36,7.536,8.291,9.439,653936.66,563653.73,557211.22,4.19
2015-08-31,8.1,8.33,8.03,7.93,593220.31,0.03,0.38,7.518,8.54,9.589,635755.91,566997.54,548939.02,3.75
2015-08-28,7.71,8.0,8.0,7.51,788273.0,0.73,10.04,7.578,8.858,9.697,595490.94,563243.82,543945.2,4.99
2015-08-27,7.15,7.29,7.26,6.8,572350.75,0.41,5.99,7.83,9.165,9.81,530641.01,572597.57,525269.85,3.62
2015-08-26,7.5,7.65,6.8,6.75,654119.38,-0.7,-9.33,8.366,9.516,9.958,501652.99,558148.4,527890.32,4.14
2015-08-25,7.5,7.67,7.5,7.5,570816.12,-0.83,-9.96,9.046,9.897,10.135,473370.79,544779.5,520298.45,3.61
2015-08-24,8.64,8.99,8.33,8.33,391895.47,-0.93,-10.04,9.562,10.243,10.25,498239.16,572428.67,535197.96,2.48
2015-08-21,9.79,9.89,9.26,9.12,464023.34,-0.67,-6.75,10.138,10.475,10.344,530996.69,598505.7,563969.61,2.94
2015-08-20,9.91,10.1,9.94,9.77,427410.62,-0.25,-2.45,10.5,10.573,10.449,614554.12,583027.62,607993.19,2.7
2015-08-19,9.99,10.34,10.2,9.2,512708.38,0.12,1.19,10.666,10.579,10.512,614643.82,564907.04,635886.72,3.24
2015-08-18,11.26,11.36,10.08,10.08,695158.0,-1.12,-10.0,10.748,10.586,10.547,616188.21,550768.71,650429.57,4.4
2015-08-17,11.14,11.29,11.21,10.96,555683.12,0.14,1.26,10.924,10.638,10.576,646618.19,530880.5,648314.29,3.52
2015-08-14,11.2,11.35,11.07,10.91,881810.5,0.3,2.79,10.812,10.536,10.55,666014.71,524646.59,655802.5,5.58
2015-08-13,10.57,10.8,10.77,10.43,427859.09,0.17,1.6,10.646,10.455,10.533,551501.12,477942.13,645670.32,2.71
2015-08-12,10.79,10.94,10.61,10.55,520430.34,-0.33,-3.02,10.492,10.4,10.505,515170.26,497632.25,654622.44,3.29
2015-08-11,10.57,11.37,10.96,10.57,847307.88,0.31,2.91,10.424,10.372,10.481,485349.22,495817.41,676536.14,5.36
2015-08-10,10.25,10.74,10.65,10.25,652665.75,0.41,4.0,10.352,10.256,10.495,415142.82,497967.25,702746.23,4.13
2015-08-07,10.14,10.28,10.24,10.03,309242.53,0.24,2.4,10.26,10.213,10.473,383278.47,529433.52,673813.66,1.96
2015-08-06,10.03,10.22,10.0,9.93,246204.8,-0.27,-2.63,10.264,10.325,10.424,404383.14,632958.76,698770.65,1.56
2015-08-05,10.5,10.58,10.27,10.2,371325.12,-0.32,-3.02,10.308,10.445,10.524,480094.23,706866.39,718320.66,2.35
2015-08-04,10.2,10.6,10.6,10.01,496275.88,0.41,4.02,10.32,10.507,10.676,506285.6,750090.42,725308.78,3.14
2015-08-03,10.2,10.22,10.19,9.78,493344.03,-0.06,-0.58,10.16,10.514,10.885,580791.68,765748.08,727195.46,3.12
2015-07-31,10.03,10.38,10.26,10.03,414765.88,0.04,0.39,10.166,10.563,11.139,675588.57,786958.41,729724.23,2.62
2015-07-30,10.29,10.8,10.22,10.02,624760.25,-0.11,-1.06,10.386,10.61,11.331,861534.37,813398.51,733198.1,3.95
2015-07-29,10.0,10.37,10.33,9.7,502281.97,0.52,5.3,10.582,10.61,11.603,933638.56,811612.63,719675.66,3.18
2015-07-28,9.78,10.38,9.8,9.21,868806.25,-0.42,-4.11,10.694,10.589,11.955,993895.24,857254.88,709798.95,5.5
2015-07-27,11.02,11.7,10.22,10.22,967328.5,-1.13,-9.96,10.868,10.733,12.385,950704.49,907525.21,683872.73,6.12
2015-07-24,11.35,11.98,11.36,11.01,1344494.88,0.17,1.52,10.96,10.733,12.776,898328.24,818193.79,654268.18,8.5
2015-07-23,10.81,11.39,11.2,10.66,985281.19,0.31,2.85,10.834,10.523,13.124,765262.65,764582.55,603580.86,6.23
2015-07-22,10.78,10.98,10.89,10.51,803565.38,0.23,2.16,10.638,10.602,13.549,689586.7,729774.92,572534.62,5.08
2015-07-21,10.47,10.85,10.67,10.33,652852.5,-0.01,-0.09,10.484,10.845,14.011,720614.51,700527.13,554647.12,4.13
2015-07-20,10.78,10.98,10.68,10.46,705447.25,-0.05,-0.47,10.598,11.255,14.508,864345.94,688642.84,546569.69,4.46
2015-07-17,10.28,10.92,10.73,10.09,679166.94,0.52,5.09,10.506,11.715,15.004,738059.34,672490.06,535568.97,4.3
2015-07-16,10.12,10.65,10.22,9.23,606901.44,0.1,0.99,10.212,12.051,15.489,763902.44,652997.68,521084.95,3.84
2015-07-15,10.89,11.0,10.12,10.12,958704.44,-1.12,-9.96,10.566,12.595,16.015,769963.14,627738.69,510306.51,6.06
2015-07-14,11.24,11.24,11.24,10.5,1371509.62,1.02,9.98,11.206,13.321,16.547,680439.75,562343.02,488034.36,8.68
2015-07-13,10.22,10.22,10.22,10.22,74014.28,0.93,10.01,11.912,14.036,17.035,512939.74,460220.24,449648.22,0.47
2015-07-06,10.14,10.14,9.26,8.3,808382.44,0.04,0.43,12.924,14.819,17.525,606920.78,490342.57,481055.87,5.11
2015-07-03,12.95,13.75,11.99,11.99,637204.94,-1.33,-9.98,13.89,15.725,17.994,542092.93,442579.16,466414.01,5.24
2015-07-02,14.81,14.98,13.32,13.32,511087.47,-1.48,-10.0,14.624,16.495,18.308,485514.24,415294.31,458678.1,4.2
2015-07-01,14.8,16.35,14.77,14.4,534009.56,-0.51,-3.34,15.436,17.177,18.58,444246.29,408767.11,459396.18,4.39
2015-06-30,14.0,15.45,15.28,12.68,543919.5,1.19,8.45,16.16,17.76,18.753,407500.74,404496.54,456734.22,4.47
2015-06-29,15.9,16.09,14.09,14.09,484243.16,-1.57,-10.03,16.714,18.292,18.887,373764.36,398647.87,454593.18,3.98
2015-06-26,17.0,17.1,15.66,15.66,354311.5,-1.74,-10.0,17.56,18.927,19.02,343065.4,389172.22,458434.73,2.91
2015-06-25,18.58,18.68,17.38,17.3,304747.75,-1.0,-5.44,18.366,19.435,19.108,345074.39,392874.34,476774.41,2.51
2015-06-24,18.31,18.47,18.39,17.0,350281.81,0.33,1.83,18.918,19.773,19.206,373287.93,413725.7,489780.14,2.88
2015-06-23,18.32,18.7,18.05,16.5,375237.56,-0.25,-1.37,19.36,20.034,19.23,401492.35,439076.2,498339.77,3.09
2015-06-19,19.4,19.88,18.32,18.2,330748.38,-1.38,-7.0,19.87,20.23,19.253,423531.38,471769.17,514007.5,2.72
2015-06-18,20.15,20.7,19.69,19.51,364356.44,-0.44,-2.19,20.294,20.262,19.23,435279.03,490248.86,522233.94,3.0
2015-06-17,20.5,20.87,20.14,19.0,445815.47,-0.46,-2.23,20.504,20.12,19.114,440674.29,502061.89,522173.11,3.67
2015-06-16,20.48,21.35,20.6,20.02,491303.88,0.0,0.0,20.628,19.983,18.964,454163.47,510025.25,525364.85,4.04
2015-06-15,20.64,21.45,20.6,20.03,485432.75,0.16,0.78,20.708,19.746,18.796,476660.06,508971.89,517203.61,3.99
2015-06-12,20.8,21.09,20.44,20.09,389486.62,-0.3,-1.45,20.59,19.482,18.62,520006.96,510538.49,514855.43,3.2
2015-06-11,20.92,21.28,20.74,20.25,391332.72,-0.02,-0.1,20.23,19.113,18.471,545218.69,527697.24,520474.4,3.22
2015-06-10,21.03,21.8,20.76,20.25,513261.38,-0.24,-1.14,19.736,18.78,18.349,563449.48,560674.47,527488.46,4.22
2015-06-09,20.2,21.38,21.0,19.7,603786.81,0.99,4.95,19.338,18.638,18.245,565887.03,565834.58,550978.53,4.97
2015-06-08,18.82,20.5,20.01,18.82,702167.25,1.37,7.35,18.784,18.425,18.062,541283.73,557603.34,553801.28,5.77
2015-06-05,18.45,18.95,18.64,18.35,515545.28,0.37,2.02,18.374,18.276,17.91,501070.02,556245.82,552593.77,4.24
2015-06-04,18.88,19.1,18.27,17.2,482486.69,-0.5,-2.66,17.996,18.197,17.807,510175.79,554219.03,553120.0,3.97
2015-06-03,18.35,19.15,18.77,18.12,525449.12,0.54,2.96,17.824,18.108,17.724,557899.47,542284.34,564940.71,4.32
2015-06-02,17.97,18.35,18.23,17.6,480770.31,0.27,1.5,17.938,17.944,17.622,565782.13,540704.46,580806.64,3.95
2015-06-01,16.99,18.27,17.96,16.94,501098.72,1.21,7.22,18.066,17.845,17.503,573922.95,525435.33,587263.5,4.12
2015-05-29,17.3,17.41,16.75,15.69,561074.12,-0.66,-3.79,18.178,17.757,17.395,611421.62,519172.38,577910.03,4.61
2015-05-28,19.46,19.46,17.41,17.41,721105.06,-1.93,-9.98,18.398,17.828,17.341,598262.26,513251.57,565821.62,5.93
2015-05-27,18.75,19.5,19.34,18.65,564862.44,0.47,2.49,18.392,17.918,17.258,526669.21,494302.44,544864.03,4.65
2015-05-26,18.77,18.96,18.87,18.21,521474.41,0.35,1.89,17.95,17.851,17.074,515626.79,536122.48,550284.81,4.29
2015-05-25,17.8,18.96,18.52,17.6,688592.06,0.67,3.75,17.624,17.698,16.942,476947.71,549999.23,567929.65,5.66
2015-05-22,17.7,17.99,17.85,17.39,495277.34,0.47,2.7,17.336,17.543,16.826,426923.14,548941.73,581679.42,4.07
2015-05-21,17.19,17.5,17.38,16.99,363139.78,0.25,1.46,17.258,17.416,16.712,428240.87,552020.98,583796.27,2.99
2015-05-20,17.27,17.42,17.13,16.9,509650.34,-0.11,-0.64,17.444,17.339,16.626,461935.67,587597.09,596470.93,4.19
2015-05-19,17.08,17.38,17.24,17.0,328079.03,0.16,0.94,17.752,17.3,16.541,556618.18,620908.81,595412.95,2.7
2015-05-18,17.4,17.81,17.08,17.0,438469.22,-0.38,-2.18,17.772,17.16,16.425,623050.75,649091.67,613487.52,3.61
2015-05-15,18.35,18.35,17.46,17.3,501866.0,-0.85,-4.64,17.75,17.032,16.347,670960.31,636647.69,628177.53,4.13
2015-05-14,18.4,18.87,18.31,17.97,531613.75,-0.36,-1.93,17.574,16.853,16.25,675801.08,618391.68,634079.69,4.37
2015-05-13,17.39,19.07,18.67,17.15,983062.88,1.33,7.67,17.234,16.597,16.101,713258.51,595425.62,661473.18,8.08
2015-05-12,17.06,17.48,17.34,16.89,660241.88,0.37,2.18,16.848,16.296,15.953,685199.45,564447.14,681385.18,5.43
2015-05-11,16.63,17.12,16.97,16.43,678017.06,0.39,2.35,16.548,16.185,15.812,675132.6,585860.08,714925.33,5.58
2015-05-08,16.46,16.8,16.58,16.23,526069.81,-0.03,-0.18,16.314,16.109,15.689,602335.06,614417.12,749933.55,4.33
2015-05-07,16.5,17.23,16.61,15.93,718900.94,-0.13,-0.78,16.132,16.007,15.519,560982.28,615571.56,724372.96,5.91
2015-05-06,16.29,16.78,16.74,15.9,842767.56,0.9,5.68,15.96,15.912,15.287,477592.73,605344.78,688539.35,6.93
2015-05-05,15.91,16.45,15.84,15.71,609907.62,0.04,0.25,15.744,15.782,14.995,443694.82,569917.08,646585.81,5.02
2015-05-04,15.68,15.95,15.8,15.48,314029.38,0.13,0.83,15.822,15.689,14.698,496587.56,577883.36,622259.86,2.58
2015-04-30,15.9,16.1,15.67,15.64,319305.88,-0.08,-0.51,15.904,15.661,14.406,626499.17,619707.38,612698.26,2.63
2015-04-29,15.56,15.95,15.75,15.45,301953.22,0.09,0.57,15.882,15.646,14.134,670160.84,649767.7,603462.83,2.48
2015-04-28,16.19,16.23,15.66,15.5,673278.0,-0.57,-3.51,15.864,15.604,13.862,733096.82,727520.75,598367.13,5.54
2015-04-27,16.23,16.89,16.23,16.01,874371.31,0.02,0.12,15.82,15.61,13.603,696139.34,798323.23,571907.09,7.19
2015-04-24,15.57,16.69,16.21,15.48,963587.44,0.65,4.18,15.556,15.439,13.319,659179.17,843990.58,535032.33,7.92
2015-04-23,15.66,15.85,15.56,15.15,537614.25,-0.1,-0.64,15.418,15.268,13.043,612915.59,885449.98,498535.91,4.42
2015-04-22,15.54,15.87,15.66,15.39,616633.12,0.22,1.43,15.41,15.03,12.781,629374.57,833174.37,480755.95,5.07
2015-04-21,15.09,15.56,15.44,15.0,488490.59,0.53,3.56,15.344,14.662,12.501,721944.67,771733.93,457583.01,4.02
2015-04-20,15.53,15.55,14.91,14.88,689570.44,-0.61,-3.93,15.4,14.207,12.237,900507.12,723254.55,439174.12,5.67
2015-04-17,15.65,16.12,15.52,15.32,732269.56,0.0,0.0,15.322,13.706,11.997,1028801.99,666636.35,420561.85,6.02
2015-04-16,15.55,15.85,15.52,15.26,619909.12,0.19,1.24,15.118,13.15,11.746,1157984.37,605689.14,393871.79,5.1
2015-04-15,15.5,16.13,15.33,15.14,1079483.62,-0.39,-2.48,14.65,12.621,11.504,1036974.17,557157.95,379914.77,8.88
2015-04-14,14.58,15.78,15.72,14.11,1381302.88,1.2,8.26,13.98,12.12,11.282,821523.19,469213.52,341927.23,11.36
2015-04-13,14.54,14.97,14.52,14.2,1331044.75,0.02,0.14,13.014,11.596,11.026,546001.97,345490.95,281589.0,10.95
2015-04-10,14.5,14.5,14.5,14.0,1378181.5,1.32,10.02,12.09,11.199,10.832,304470.72,226074.07,224998.76,11.33
2015-04-09,13.18,13.18,13.18,13.18,14858.09,1.2,10.02,11.182,10.817,10.639,53393.9,111621.84,167571.64,0.12
2015-04-08,11.98,11.98,11.98,11.98,2228.75,1.09,10.01,10.592,10.531,10.53,77341.74,128337.53,190243.17,0.02
2015-04-07,10.89,10.89,10.89,10.89,3696.75,0.99,10.0,10.26,10.34,10.474,116903.85,143432.09,205112.56,0.03
2014-12-23,9.97,10.13,9.9,9.8,123388.5,-0.06,-0.6,10.178,10.267,10.489,144979.93,155093.69,222213.49,1.01
2014-12-22,10.19,10.24,9.96,9.83,122797.41,-0.27,-2.64,10.308,10.288,10.563,147677.43,174487.35,225197.3,1.01
2014-12-19,10.3,10.33,10.23,10.01,134597.3,-0.09,-0.87,10.452,10.341,10.62,169849.78,182054.44,227458.99,1.11
2014-12-18,10.55,10.59,10.32,10.28,200039.31,-0.16,-1.53,10.47,10.387,10.653,179333.31,202671.58,229172.03,1.65
2014-12-17,10.6,10.75,10.48,10.4,144077.14,-0.07,-0.66,10.42,10.444,10.68,169960.32,214640.93,227651.04,1.18
2014-12-16,10.7,10.8,10.55,10.4,136875.98,-0.13,-1.22,10.356,10.455,10.694,165207.44,217687.05,229597.38,1.13
2014-12-15,10.31,10.74,10.68,10.23,233659.19,0.36,3.49,10.268,10.465,10.712,201297.27,223923.45,227842.66,1.92
2014-12-12,10.05,10.34,10.32,10.0,182014.95,0.25,2.48,10.23,10.461,10.731,194259.1,223521.44,221280.84,1.5
2014-12-11,10.04,10.1,10.07,9.96,153174.36,-0.09,-0.89,10.304,10.528,10.77,226009.85,252148.81,217750.27,1.26
2014-12-10,10.0,10.25,10.16,9.94,120312.71,0.05,0.49,10.468,10.608,10.831,259321.54,266793.03,217802.02,0.99
2014-12-09,10.38,10.47,10.11,9.84,317325.12,-0.38,-3.62,10.554,10.711,10.907,270166.67,289333.29,225344.07,2.61
2014-12-08,10.59,10.66,10.49,10.41,198468.36,-0.2,-1.87,10.662,10.837,10.975,246549.63,275907.25,218474.1,1.63
2014-12-05,10.84,10.94,10.69,10.45,340768.69,-0.2,-1.84,10.692,10.899,11.024,252783.78,272863.54,216971.96,2.8
2014-12-04,10.56,10.94,10.89,10.5,319732.81,0.3,2.83,10.752,10.919,11.059,278287.77,255672.48,206516.8,2.63
2014-12-03,10.71,10.71,10.59,10.35,174538.36,-0.06,-0.56,10.748,10.915,11.085,274264.52,240661.15,198092.74,1.44
2014-12-02,10.73,10.97,10.65,10.6,199239.95,0.01,0.09,10.868,10.933,11.127,308499.91,241507.71,195720.38,1.64
2014-12-01,10.89,10.89,10.64,10.56,229639.09,-0.35,-3.19,11.012,10.958,11.171,305264.87,231761.87,194406.11,1.89
2014-11-28,10.71,11.01,10.99,10.39,468288.62,0.12,1.1,11.106,11.0,11.202,292943.3,219040.24,191834.66,3.85
2014-11-27,11.21,11.28,10.87,10.78,299616.56,-0.32,-2.86,11.086,11.012,11.21,233057.19,183351.73,174482.74,2.46
2014-11-26,11.6,11.8,11.19,11.15,345715.31,-0.18,-1.58,11.082,11.053,11.221,207057.79,168811.0,167030.91,2.84
2014-11-14,11.18,11.45,11.37,10.97,183064.77,0.26,2.34,10.998,11.103,11.216,174515.52,161354.86,156032.85,1.51
2014-11-13,10.95,11.14,11.11,10.91,168031.25,0.22,2.02,10.904,11.112,11.205,158258.87,161040.94,158102.94,1.38
2014-11-12,10.8,11.07,10.89,10.72,168858.05,0.04,0.37,10.894,11.149,11.177,145137.18,161080.37,163119.39,1.39
2014-11-11,10.83,10.88,10.85,10.47,169619.56,0.08,0.74,10.938,11.198,11.192,133646.28,157361.12,162797.89,1.39
2014-11-10,10.98,11.09,10.77,10.6,183003.95,-0.13,-1.19,11.024,11.254,11.209,130564.22,155524.33,160052.23,1.5
2014-11-07,11.06,11.15,10.9,10.87,101781.52,-0.16,-1.45,11.208,11.32,11.235,148194.21,149933.05,160759.42,0.84
2014-11-06,11.22,11.22,11.06,10.9,102422.82,-0.05,-0.45,11.32,11.383,11.268,163823.01,157050.35,165469.38,0.84
2014-11-05,11.22,11.44,11.11,11.08,111403.54,-0.17,-1.51,11.404,11.403,11.299,177023.56,164629.08,166096.12,0.92
2014-11-04,11.6,11.61,11.28,11.22,154209.27,-0.41,-3.51,11.458,11.408,11.328,181075.97,165613.74,165887.53,1.27
2014-11-03,11.68,12.12,11.69,11.52,271153.88,0.23,2.01,11.484,11.388,11.343,180484.44,165250.81,162877.3,2.23
2014-10-31,11.36,11.58,11.46,11.11,179925.56,-0.02,-0.17,11.432,11.328,11.339,151671.89,150710.85,155612.15,1.48
2014-10-30,11.39,11.52,11.48,11.37,168425.56,0.1,0.88,11.446,11.297,11.353,150277.68,155164.94,151946.83,1.39
2014-10-29,11.4,11.51,11.38,11.32,131665.58,-0.03,-0.26,11.402,11.205,11.372,152234.6,165158.41,150538.56,1.08
2014-10-28,11.42,11.46,11.41,11.21,151251.62,-0.02,-0.17,11.358,11.186,11.401,150151.51,168234.65,151259.6,1.24
2014-10-27,11.5,11.57,11.43,11.3,127091.13,-0.1,-0.87,11.292,11.164,11.415,150017.19,164580.13,147253.98,1.05
2014-10-24,11.32,11.57,11.53,11.28,172954.53,0.27,2.4,11.224,11.15,11.43,149749.8,171585.78,146245.94,1.42
2014-10-23,11.29,11.5,11.26,11.11,178210.14,0.1,0.9,11.148,11.153,11.442,160052.2,173888.41,141957.0,1.47
2014-10-22,11.29,11.38,11.16,11.09,121250.12,0.08,0.72,11.008,11.195,11.475,178082.23,167563.16,136484.84,1.0
2014-10-21,11.16,11.37,11.08,11.0,150580.02,-0.01,-0.09,11.014,11.248,11.512,186317.8,166161.31,135839.23,1.24
2014-10-20,11.02,11.23,11.09,10.9,125754.19,-0.06,-0.54,11.036,11.297,11.539,179143.06,160503.79,135369.15,1.03
2014-10-17,10.51,11.16,11.15,10.3,224466.55,0.59,5.59,11.076,11.35,11.581,193421.77,160513.45,136578.69,1.85
2014-10-16,11.15,11.15,10.56,10.55,268360.25,-0.63,-5.63,11.158,11.408,11.623,187724.62,148728.72,130722.02,2.21
2014-10-15,11.12,11.3,11.19,10.89,162427.97,0.0,0.0,11.382,11.538,11.695,157044.09,135918.7,123188.55,1.34
2014-10-14,11.06,11.3,11.19,11.06,114706.36,-0.1,-0.89,11.482,11.615,11.74,146004.83,134284.54,121726.37,0.94
2014-10-13,11.5,11.51,11.29,11.1,197147.7,-0.27,-2.34,11.558,11.666,11.784,141864.51,129927.83,122242.65,1.62
2014-10-10,11.63,11.65,11.56,11.28,195980.8,-0.12,-1.03,11.624,11.709,11.82,127605.13,120906.1,122672.26,1.61
2014-10-09,11.71,11.82,11.68,11.62,114957.6,-0.01,-0.09,11.658,11.731,11.851,109732.83,110025.58,127057.11,0.95
2014-10-08,11.58,11.78,11.69,11.57,107231.69,0.12,1.04,11.694,11.755,11.861,114793.32,105406.52,126866.08,0.88
2014-09-30,11.63,11.65,11.57,11.52,94004.74,-0.05,-0.43,11.748,11.776,11.873,122564.26,105517.15,126290.94,0.77
2014-09-29,11.74,11.85,11.62,11.59,125850.83,-0.11,-0.94,11.774,11.781,11.89,117991.15,110234.51,130562.08,1.03
2014-09-26,11.77,11.82,11.73,11.65,106619.29,-0.13,-1.1,11.794,11.812,11.912,114207.06,112643.93,129457.79,0.88
2014-09-25,12.0,12.0,11.86,11.78,140260.05,-0.1,-0.84,11.804,11.838,11.941,110318.33,112715.33,134118.8,1.15
2014-09-24,11.71,12.04,11.96,11.71,146086.38,0.26,2.22,11.816,11.851,11.963,96019.73,110458.39,132752.39,1.2
2014-09-23,11.77,11.84,11.7,11.6,71139.2,-0.02,-0.17,11.804,11.865,11.967,88470.05,109168.19,131733.68,0.59
2014-09-22,11.73,11.91,11.72,11.61,106930.39,-0.06,-0.51,11.788,11.902,11.991,102477.87,114557.48,133553.63,0.88
2014-09-19,11.92,11.94,11.78,11.75,87175.65,-0.14,-1.17,11.83,11.931,12.022,111080.81,124438.43,137612.66,0.72
2014-09-18,11.96,11.97,11.92,11.82,68767.01,0.02,0.17,11.872,11.971,12.038,115112.32,144088.64,143326.41,0.57
2014-09-17,11.78,11.96,11.9,11.59,108337.98,0.28,2.41,11.886,11.967,12.042,124897.06,148325.64,146020.5,0.89
2014-09-16,11.9,12.03,11.62,11.55,141178.34,-0.31,-2.6,11.926,11.97,12.045,129866.33,147064.72,148489.54,1.16
2014-09-15,11.98,12.01,11.93,11.84,149945.06,-0.06,-0.5,12.016,11.998,12.063,126637.09,150889.64,155901.19,1.23
2014-09-12,11.91,12.1,11.99,11.87,107333.21,0.0,0.0,12.032,12.012,12.055,137796.06,146271.64,157377.06,0.88
2014-09-11,12.24,12.24,11.99,11.91,117690.72,-0.11,-0.91,12.07,12.044,12.052,173064.96,155522.28,171729.59,0.97
2014-09-10,12.0,12.25,12.1,11.87,133184.34,0.03,0.25,12.048,12.075,12.011,171754.22,155046.38,170519.89,1.1
2014-09-09,12.01,12.26,12.07,11.87,125032.11,0.06,0.5,12.014,12.068,11.974,164263.11,154299.17,171439.35,1.03
2014-09-05,12.08,12.47,12.01,12.0,205739.91,-0.17,-1.4,11.98,12.079,11.933,175142.19,152549.78,173080.0,1.69
2014-09-04,11.89,12.25,12.18,11.51,283677.72,0.3,2.52,11.992,12.112,11.896,154747.22,150786.88,181655.0,2.33
2014-09-03,11.97,11.99,11.88,11.77,111137.02,-0.05,-0.42,12.018,12.104,11.84,137979.6,142564.18,180123.11,0.91
2014-09-02,11.9,12.0,11.93,11.79,95728.78,0.03,0.25,12.102,12.116,11.806,138338.55,143715.36,192808.69,0.79
2014-09-01,12.1,12.1,11.9,11.69,179427.52,-0.17,-1.41,12.122,12.119,11.75,144335.24,149914.36,202613.26,1.48
2014-08-29,12.2,12.2,12.07,11.9,103765.06,-0.24,-1.95,12.178,12.127,11.671,129957.36,160912.75,200845.53,0.85
2014-08-28,12.33,12.62,12.31,12.07,199839.61,0.01,0.08,12.232,12.098,11.57,146826.54,168482.48,199450.63,1.64
2014-08-27,12.02,12.33,12.3,11.95,112931.78,0.27,2.24,12.19,12.06,11.459,147148.76,187936.91,199449.17,0.93
2014-08-26,12.16,12.16,12.03,11.94,125712.23,-0.15,-1.23,12.13,11.946,11.353,149092.16,185993.41,204519.47,1.03
2014-08-25,12.33,12.43,12.18,12.14,107538.12,-0.16,-1.3,12.116,11.879,11.252,155493.48,188579.52,202921.67,0.88
2014-08-22,12.09,12.48,12.34,12.01,188110.94,0.24,1.98,12.076,11.786,11.143,191868.14,193610.22,202117.74,1.55
2014-08-21,12.03,12.2,12.1,11.9,201450.73,0.1,0.83,11.964,11.68,11.021,190138.42,212523.13,195441.83,1.66
2014-08-20,11.95,12.12,12.0,11.85,122648.79,0.04,0.33,11.93,11.576,10.911,228725.05,217682.05,189305.43,1.01
2014-08-19,11.92,12.09,11.96,11.78,157718.8,-0.02,-0.17,11.762,11.495,10.811,222894.65,241902.03,187713.56,1.3
2014-08-18,11.78,12.32,11.98,11.75,289411.44,0.2,1.7,11.642,11.381,10.723,221665.57,255312.17,183491.47,2.38
2014-08-15,11.95,11.98,11.78,11.6,179462.34,-0.15,-1.26,11.496,11.214,10.626,195352.29,240778.32,171000.4,1.48
2014-08-14,11.11,12.28,11.93,11.11,394383.88,0.77,6.9,11.396,11.042,10.546,234907.83,230418.79,165426.19,3.24
2014-08-13,11.26,11.38,11.16,11.12,93496.78,-0.2,-1.76,11.222,10.857,10.449,206639.04,210961.44,153842.67,0.77
2014-08-12,11.24,11.4,11.36,11.07,151573.41,0.11,0.98,11.228,10.76,10.404,260909.41,223045.54,152160.06,1.25
2014-08-11,11.3,11.41,11.25,11.15,157845.05,-0.03,-0.27,11.12,10.625,10.346,288958.76,217263.83,147305.87,1.3
2014-08-08,11.17,11.44,11.28,11.04,377240.03,0.22,1.99,10.932,10.5,10.298,286204.35,210625.25,141927.34,3.1
2014-08-07,11.28,11.33,11.06,11.06,253039.95,-0.13,-1.16,10.688,10.361,10.253,225929.74,178360.53,125349.47,2.08
2014-08-06,10.83,11.4,11.19,10.65,364848.59,0.37,3.42,10.492,10.246,10.214,215283.84,160928.81,114900.95,3.0
2014-08-05,10.38,11.0,10.82,10.24,291820.19,0.51,4.95,10.292,10.127,10.169,185181.66,133525.09,99344.39,2.4
2014-08-04,10.04,10.4,10.31,10.04,144072.97,0.25,2.48,10.13,10.064,10.144,145568.89,111670.76,89328.17,1.18
2014-08-01,10.08,10.15,10.06,10.02,75867.02,-0.02,-0.2,10.068,10.038,10.151,135046.16,101222.48,86201.76,0.62
2014-07-31,10.12,10.15,10.08,9.9,199810.42,-0.11,-1.08,10.034,10.049,10.172,130791.32,100433.6,84813.71,1.64
2014-07-30,10.01,10.34,10.19,10.01,214337.72,0.18,1.8,10.0,10.04,10.194,106573.77,96723.9,80083.67,1.76
2014-07-29,10.0,10.09,10.01,9.94,93756.31,0.01,0.1,9.962,10.047,10.198,81868.51,81274.58,73385.45,0.77
2014-07-28,9.9,10.07,10.0,9.9,91459.34,0.11,1.11,9.998,10.066,10.211,77772.64,77347.91,72353.21,0.75
2014-07-25,9.97,9.97,9.89,9.75,54592.82,-0.02,-0.2,10.008,10.096,10.222,67398.8,73229.43,74152.69,0.45
2014-07-24,9.98,10.09,9.91,9.6,78722.67,-0.09,-0.9,10.064,10.144,10.245,70075.87,72338.4,79811.07,0.65
2014-07-23,10.12,10.31,10.0,9.98,90811.39,-0.19,-1.86,10.08,10.181,10.272,86874.02,68873.1,81510.45,0.75
2014-07-22,10.05,10.35,10.19,9.99,73276.99,0.14,1.39,10.132,10.21,10.303,80680.66,65163.7,80470.89,0.6
2014-07-21,10.17,10.17,10.05,9.99,39590.15,-0.12,-1.18,10.134,10.224,10.318,76923.17,66985.58,83596.71,0.33
2014-07-18,9.91,10.18,10.17,9.91,67978.17,0.18,1.8,10.184,10.264,10.354,79060.05,71181.03,96192.73,0.56
2014-07-17,10.25,10.47,9.99,9.96,162713.42,-0.27,-2.63,10.224,10.294,10.397,74600.93,69193.83,95036.45,1.34
2014-07-16,10.21,10.31,10.26,10.06,59844.56,0.06,0.59,10.282,10.347,10.445,50872.17,63443.44,90996.17,0.49
2014-07-15,10.25,10.3,10.2,10.15,54489.56,-0.1,-0.97,10.288,10.348,10.491,49646.75,65496.31,93034.97,0.45
2014-07-14,10.3,10.37,10.3,10.2,50274.52,-0.07,-0.68,10.314,10.355,10.55,57048.0,67358.52,96074.36,0.41
2014-07-11,10.25,10.38,10.37,10.2,45682.57,0.09,0.88,10.344,10.347,10.62,63302.01,75075.96,102386.4,0.38
2014-07-10,10.34,10.43,10.28,10.21,44069.66,-0.01,-0.1,10.364,10.346,10.641,63786.73,87283.75,104788.71,0.36
2014-07-09,10.35,10.53,10.29,10.28,53717.43,-0.04,-0.39,10.412,10.363,10.669,76014.71,94147.8,108020.83,0.44
2014-07-08,10.44,10.49,10.33,10.15,91495.8,-0.12,-1.15,10.408,10.396,10.706,81345.87,95778.07,110300.45,0.75
2014-07-07,10.55,10.73,10.45,10.41,81544.58,-0.02,-0.19,10.396,10.412,10.752,77669.05,100207.84,108393.71,0.67
2014-07-04,10.55,10.55,10.47,10.36,48106.2,-0.05,-0.47,10.35,10.444,10.791,86849.92,121204.42,106925.22,0.4
2014-07-03,10.28,10.57,10.52,10.27,105209.52,0.25,2.43,10.328,10.5,10.821,110780.76,120879.06,106537.76,0.87
2014-07-02,10.26,10.32,10.27,10.16,80373.26,0.0,0.0,10.314,10.542,10.85,112280.89,118548.9,103532.71,0.66
2014-07-01,10.2,10.32,10.27,10.1,73111.67,0.05,0.49,10.384,10.634,10.888,110210.27,120573.63,102272.33,0.6
2014-06-30,10.32,10.32,10.22,10.05,127448.95,-0.14,-1.35,10.428,10.744,10.933,122746.64,124790.19,102080.23,1.05
2014-06-27,10.45,10.5,10.36,9.96,167760.41,-0.09,-0.86,10.538,10.893,10.984,155558.93,129696.84,99389.14,1.38
2014-06-26,10.6,10.84,10.45,10.4,112710.18,-0.17,-1.6,10.672,10.936,11.025,130977.36,122293.66,97663.65,0.93
2014-06-25,10.33,10.75,10.62,10.33,70020.13,0.13,1.24,10.77,10.975,11.046,124816.91,121893.86,94751.41,0.58
2014-06-24,10.73,10.84,10.49,10.43,135793.53,-0.28,-2.6,10.884,11.015,11.064,130936.98,124822.83,98110.48,1.12
2014-06-23,11.01,11.1,10.77,10.47,291510.38,-0.26,-2.36,11.06,11.092,11.071,126833.74,116579.57,93214.53,2.4
2014-06-20,10.9,11.18,11.03,10.81,44852.6,0.09,0.82,11.248,11.138,11.056,103834.76,92646.02,80084.43,0.37
2014-06-19,11.15,11.21,10.94,10.81,81907.91,-0.25,-2.23,11.2,11.142,11.022,113609.96,92196.46,79330.8,0.67
2014-06-18,11.4,11.54,11.19,10.86,100620.5,-0.18,-1.58,11.18,11.157,11.0,118970.81,88516.52,77496.21,0.83
2014-06-17,11.5,11.59,11.37,11.3,115277.33,-0.34,-2.9,11.146,11.141,10.966,118708.67,83971.03,75208.46,0.95
2014-06-16,10.85,11.79,11.71,10.85,176515.44,0.92,8.53,11.124,11.122,10.927,106325.4,79370.27,72070.51,1.45
2014-06-13,10.86,10.88,10.79,10.67,93728.62,-0.05,-0.46,11.028,11.074,10.873,81457.29,69081.43,64695.76,0.77
2014-06-12,11.05,11.07,10.84,10.75,108712.18,-0.18,-1.63,11.084,11.114,10.864,70782.95,73033.64,62064.22,0.89
2014-06-11,11.15,11.2,11.02,10.97,99309.8,-0.24,-2.13,11.134,11.116,10.861,58062.23,67608.97,60124.05,0.82
2014-06-10,11.23,11.36,11.26,11.18,53360.95,0.03,0.27,11.136,11.112,10.839,49233.39,71398.14,58066.96,0.44
2014-06-09,11.07,11.29,11.23,11.06,52174.91,0.16,1.45,11.12,11.05,10.802,52415.15,69849.49,58520.7,0.43
2014-06-06,11.15,11.22,11.07,11.0,40356.91,-0.02,-0.18,11.12,10.973,10.762,56705.57,67522.83,58154.18,0.33
2014-06-05,11.08,11.24,11.09,10.95,45108.56,0.06,0.54,11.144,10.902,10.732,75284.33,66465.14,58711.18,0.37
2014-06-04,11.15,11.25,11.03,10.96,55165.61,-0.15,-1.34,11.098,10.842,10.696,77155.71,66475.89,58477.8,0.45
2014-06-03,11.2,11.45,11.18,11.12,69269.75,-0.05,-0.45,11.088,10.79,10.669,93562.89,66445.89,57109.42,0.57
2014-05-30,11.15,11.25,11.23,10.97,73627.04,0.04,0.36,10.98,10.731,10.638,87283.83,64770.75,55701.34,0.61
2014-05-29,10.8,11.28,11.19,10.8,133250.69,0.33,3.04,10.826,10.671,10.599,78340.09,60310.08,56858.51,1.1
2014-05-28,10.9,10.97,10.86,10.75,54465.44,-0.12,-1.09,10.66,10.613,10.549,57645.94,51094.81,54007.85,0.45
2014-05-27,10.6,11.18,10.98,10.6,137201.52,0.34,3.19,10.586,10.606,10.519,55796.07,52639.13,61149.8,1.13
2014-05-26,10.41,10.67,10.64,10.41,37874.45,0.18,1.72,10.492,10.565,10.502,39328.89,44735.78,56254.72,0.31
2014-05-23,10.4,10.55,10.46,10.39,28908.36,0.1,0.96,10.482,10.553,10.504,42257.66,47191.91,56269.14,0.24
2014-05-22,10.49,10.49,10.36,10.35,29779.94,-0.13,-1.24,10.516,10.551,10.516,42280.07,48785.52,59608.16,0.24
2014-05-21,10.42,10.5,10.49,10.31,45216.1,-0.02,-0.19,10.566,10.561,10.546,44543.67,50957.23,61350.94,0.37
2014-05-20,10.55,10.68,10.51,10.4,54865.61,-0.08,-0.76,10.626,10.55,10.574,49482.19,50479.72,63862.93,0.45
2014-05-19,10.63,10.78,10.59,10.52,52518.3,-0.04,-0.38,10.638,10.547,10.602,50142.66,47772.95,65248.35,0.43
2014-05-16,10.59,10.72,10.63,10.5,29020.39,0.02,0.19,10.624,10.544,10.625,52126.15,46631.93,65904.89,0.24
2014-05-15,10.71,10.78,10.61,10.48,41097.95,-0.17,-1.58,10.586,10.527,10.654,55290.98,53406.94,66945.32,0.34
2014-05-14,10.7,10.88,10.79,10.6,69908.68,0.22,2.08,10.556,10.484,10.686,57370.8,56920.89,69425.54,0.57
2014-05-13,10.55,10.87,10.57,10.53,58168.0,0.05,0.47,10.474,10.432,10.711,51477.25,69660.48,71879.43,0.48
2014-05-12,10.45,10.53,10.52,10.34,62435.74,0.07,0.67,10.456,10.439,10.732,45403.23,67773.67,75258.76,0.51
2014-05-09,10.38,10.59,10.44,10.33,44844.52,-0.02,-0.19,10.464,10.454,10.769,41137.71,65346.36,81625.86,0.37
2014-05-08,10.3,10.5,10.46,10.24,51497.04,0.08,0.77,10.468,10.48,10.793,51522.91,70430.79,83551.41,0.42
2014-05-07,10.48,10.52,10.38,10.26,40440.93,-0.1,-0.95,10.412,10.531,10.818,56470.99,71744.64,85953.98,0.33
2014-05-06,10.46,10.58,10.48,10.46,27797.92,-0.08,-0.76,10.39,10.598,10.852,87843.71,77246.14,87640.64,0.23
2014-05-05,10.46,10.65,10.56,10.31,41108.12,0.1,0.96,10.422,10.656,10.886,90144.1,82723.76,91147.28,0.34
2014-04-30,10.2,10.96,10.46,10.07,96770.52,0.28,2.75,10.444,10.706,10.908,89555.02,85177.86,92120.13,0.8
2014-04-29,9.98,10.5,10.18,9.98,76237.47,-0.09,-0.88,10.492,10.781,10.934,89338.67,80483.7,92990.91,0.63
2014-04-25,10.67,10.75,10.27,9.65,197304.52,-0.37,-3.48,10.65,10.887,10.963,87018.29,81930.18,93908.67,1.62
2014-04-24,10.76,10.78,10.64,10.6,39299.88,-0.03,-0.28,10.806,10.989,11.0,66648.58,74098.38,89588.82,0.32
2014-04-23,10.73,10.79,10.67,10.62,38162.72,-0.03,-0.28,10.89,11.025,11.012,75303.42,82743.86,91772.29,0.31
2014-04-22,10.97,11.03,10.7,10.6,95688.77,-0.27,-2.46,10.968,11.083,11.024,80800.69,97905.36,94952.14,0.79
2014-04-21,10.88,11.05,10.97,10.88,64635.57,-0.08,-0.72,11.07,11.106,11.022,71628.73,96672.03,98476.82,0.53
2014-04-18,11.06,11.11,11.05,10.89,95455.95,-0.01,-0.09,11.124,11.104,11.015,76842.06,100163.32,110683.23,0.78
2014-04-17,11.01,11.16,11.06,10.89,82574.09,0.0,0.0,11.172,11.106,11.007,81548.18,98035.13,116521.8,0.68
2014-04-16,11.21,11.28,11.06,11.03,65649.09,-0.15,-1.34,11.16,11.115,11.023,90184.29,99570.8,120514.75,0.54
2014-04-15,11.23,11.34,11.21,11.16,49828.97,-0.03,-0.27,11.198,11.11,11.047,115010.02,99062.4,136684.41,0.41
2014-04-14,11.32,11.38,11.24,11.17,90702.2,-0.05,-0.44,11.142,11.086,11.017,121715.33,105498.12,140483.38,0.75
2014-04-11,11.04,11.34,11.29,10.93,118986.56,0.29,2.64,11.084,11.039,10.976,123484.58,105887.17,142300.32,0.98
2014-04-10,11.21,11.3,11.0,10.97,125754.65,-0.25,-2.22,11.04,11.01,10.923,114522.08,105079.25,144337.31,1.03
2014-04-09,11.13,11.49,11.25,11.03,189777.73,0.32,2.93,11.07,10.999,10.884,108957.3,100800.72,146379.42,1.56
2014-04-08,10.87,11.0,10.93,10.73,83355.49,-0.02,-0.18,11.022,10.965,10.836,83114.78,91998.92,142304.21,0.69
2014-04-04,11.07,11.11,10.95,10.78,99548.48,-0.12,-1.08,11.03,10.937,10.798,89280.9,100281.62,143974.6,0.82
2014-04-03,11.24,11.24,11.07,10.8,74174.04,-0.08,-0.72,10.994,10.926,10.767,88289.76,121203.13,144421.21,0.61
2014-04-02,11.05,11.21,11.15,11.01,97930.75,0.14,1.27,10.98,10.908,10.734,95636.43,135008.47,147260.24,0.81
2014-04-01,10.92,11.09,11.01,10.89,60565.12,0.04,0.36,10.928,10.931,10.705,92644.13,141458.71,155720.86,0.5
2014-03-31,10.84,11.08,10.97,10.66,114186.13,0.2,1.86,10.908,10.983,10.667,100883.06,174306.43,163431.11,0.94
2014-03-28,10.93,11.05,10.77,10.72,94592.74,-0.23,-2.09,10.844,10.947,10.621,111282.33,175468.65,163141.46,0.78
2014-03-27,10.89,11.12,11.0,10.83,110907.39,0.11,1.01,10.858,10.913,10.575,154116.51,178713.46,167151.19,0.91
2014-03-26,10.93,10.98,10.89,10.68,82969.29,-0.02,-0.18,10.836,10.835,10.525,174380.52,183595.36,173206.91,0.68
2014-03-25,10.59,10.96,10.91,10.59,101759.73,0.26,2.44,10.934,10.768,10.465,190273.28,191958.12,175920.54,0.84
2014-03-24,10.84,10.88,10.65,10.4,166182.48,-0.19,-1.75,11.058,10.706,10.394,247729.8,192609.5,179224.99,1.37
2014-03-21,10.9,10.99,10.84,9.85,308763.66,-0.05,-0.46,11.05,10.659,10.336,239654.97,187667.58,182828.56,2.54
2014-03-20,11.37,11.75,10.89,10.84,212227.45,-0.49,-4.31,10.968,10.608,10.301,203310.41,167639.29,176923.03,1.75
2014-03-19,11.25,11.5,11.38,11.11,162433.09,-0.15,-1.3,10.834,10.559,10.257,192810.21,159512.01,177070.15,1.34
2014-03-18,10.61,11.67,11.53,10.59,389042.31,0.92,8.67,10.602,10.478,10.187,193642.97,169983.02,177360.1,3.2
2014-03-17,10.6,10.65,10.61,10.4,125808.36,0.18,1.73,10.354,10.35,10.12,137489.21,152555.8,166803.99,1.03
2014-03-14,10.18,10.46,10.43,10.15,127040.85,0.21,2.06,10.268,10.294,10.111,135680.19,150814.28,168773.86,1.04
2014-03-13,10.19,10.35,10.22,9.88,159726.42,0.0,0.0,10.248,10.236,10.106,131968.17,155588.92,169229.34,1.31
2014-03-12,10.2,10.65,10.22,10.18,166596.89,-0.07,-0.68,10.284,10.215,10.102,126213.82,162818.46,168826.12,1.37
2014-03-11,10.16,10.43,10.29,10.1,108273.53,0.11,1.08,10.354,10.162,10.098,146323.07,159882.95,173780.54,0.89
2014-03-10,10.25,10.45,10.18,10.07,116763.24,-0.15,-1.45,10.346,10.081,10.097,167622.38,165840.47,188387.5,0.96
2014-03-07,10.42,10.59,10.33,10.29,108480.78,-0.07,-0.67,10.32,10.013,10.132,165948.37,177989.55,194475.76,0.89
2014-03-06,10.66,10.69,10.4,10.25,130954.67,-0.17,-1.61,10.224,9.994,10.155,179209.66,186206.78,198046.97,1.08
2014-03-05,10.2,10.78,10.57,10.05,267143.12,0.32,3.12,10.146,9.955,10.17,199423.1,194628.28,199566.42,2.2
2014-03-04,10.2,10.39,10.25,9.99,214770.09,0.2,1.99,9.97,9.896,10.169,173442.83,184737.17,193880.75,1.77
2014-03-03,9.78,10.06,10.05,9.71,108393.19,0.2,2.03,9.816,9.89,10.184,164058.55,181052.2,197899.73,0.89
2014-02-28,10.0,10.0,9.85,9.59,174787.23,-0.16,-1.6,9.706,9.927,10.226,190030.73,186733.44,213857.22,1.44
2014-02-27,10.2,10.41,10.01,9.9,232021.88,0.32,3.3,9.764,9.975,10.234,193203.9,182869.76,220696.57,1.91
2014-02-26,9.5,9.77,9.69,9.44,137241.78,0.21,2.21,9.764,9.989,10.232,189833.47,174833.78,224152.02,1.13
2014-02-25,9.53,9.68,9.48,9.31,167848.69,-0.02,-0.21,9.822,10.034,10.241,196031.51,187678.13,234053.1,1.38
2014-02-24,10.0,10.08,9.5,9.32,238254.05,-0.64,-6.31,9.964,10.113,10.264,198045.84,210934.54,244182.58,1.96
2014-02-21,10.4,10.5,10.14,10.0,190653.08,0.13,1.3,10.148,10.251,10.261,183436.15,210961.97,245002.62,1.57
2014-02-20,9.96,10.42,10.01,9.96,215169.73,0.03,0.3,10.186,10.315,10.235,172535.63,209887.16,249942.68,1.77
2014-02-19,10.22,10.25,9.98,9.92,168232.02,-0.21,-2.06,10.214,10.384,10.213,159834.1,204504.56,266338.92,1.38
2014-02-18,10.35,10.48,10.19,10.02,177920.3,-0.23,-2.21,10.246,10.442,10.192,179324.75,203024.33,295428.79,1.46
2014-02-17,10.41,10.65,10.42,10.36,165205.61,0.09,0.87,10.262,10.478,10.156,223823.24,214747.25,324057.74,1.36
2014-02-14,10.2,10.49,10.33,10.19,136150.48,0.18,1.77,10.354,10.525,10.066,238487.79,240981.0,331755.94,1.12
2014-02-13,10.14,10.3,10.15,10.02,151662.08,0.01,0.1,10.444,10.492,9.965,247238.69,258523.37,341135.71,1.25
2014-02-12,10.22,10.36,10.14,9.9,265685.28,-0.13,-1.27,10.554,10.474,9.881,249175.02,273470.27,353082.38,2.18
2014-02-11,10.78,10.95,10.27,10.2,400412.75,-0.61,-5.61,10.638,10.448,9.796,226723.9,280428.06,359911.92,3.29
2014-02-10,10.77,11.2,10.88,10.61,238528.38,0.1,0.93,10.694,10.415,9.704,205671.27,277430.63,364001.73,1.96
2014-02-07,10.7,10.97,10.78,10.61,179904.95,0.08,0.75,10.696,10.27,9.556,243474.2,279043.27,363620.93,1.48
2014-01-30,10.66,10.74,10.7,10.38,161343.73,0.14,1.33,10.54,10.154,9.424,269808.05,289998.21,369732.47,1.33
2014-01-29,10.57,10.73,10.56,10.51,153429.7,0.01,0.1,10.394,10.042,9.286,297765.51,328173.29,378932.55,1.26
2014-01-28,10.8,10.85,10.55,10.41,295149.59,-0.34,-3.12,10.258,9.942,9.157,334132.22,387833.25,392182.15,2.43
2014-01-27,10.05,10.99,10.89,10.01,427543.03,0.89,8.9,10.136,9.834,9.043,349189.98,433368.23,413153.54,3.52
2014-01-24,9.96,10.16,10.0,9.88,311574.19,0.03,0.3,9.844,9.606,8.928,314612.34,422530.89,428652.31,2.56
2014-01-23,9.8,10.18,9.97,9.79,301131.06,0.09,0.91,9.768,9.438,8.818,310188.37,423748.05,431333.52,2.48
2014-01-22,9.86,10.14,9.88,9.8,335263.22,-0.06,-0.6,9.69,9.288,8.729,358581.06,432694.5,443112.36,2.76
2014-01-21,9.38,10.03,9.94,9.34,370438.41,0.51,5.41,9.626,9.144,8.632,441534.28,439395.78,462442.15,3.05
2014-01-20,9.63,9.63,9.43,9.25,254654.8,-0.19,-1.98,9.532,8.992,8.506,517546.47,450572.84,462469.89,2.09
2014-01-17,9.42,9.75,9.62,9.4,289454.38,0.04,0.42,9.368,8.841,8.409,530449.44,448198.6,474838.59,2.38
2014-01-16,9.58,10.09,9.58,9.5,543094.5,0.02,0.21,9.108,8.693,8.299,537307.72,449466.72,501166.86,4.47
2014-01-15,9.65,9.87,9.56,9.29,750029.31,0.09,0.95,8.886,8.53,8.221,506807.94,429691.82,501558.67,6.17
2014-01-14,8.63,9.47,9.47,8.57,750499.38,0.86,9.99,8.662,8.371,8.144,437257.27,396531.06,514091.39,6.17
2014-01-13,8.23,8.65,8.61,8.23,319169.62,0.29,3.49,8.452,8.251,8.097,383599.21,392938.84,549476.74,2.62
2014-01-10,8.35,8.67,8.32,8.22,323745.78,-0.15,-1.77,8.314,8.249,8.073,365947.75,434773.73,584280.8,2.66
2014-01-09,8.37,8.79,8.47,8.2,390595.59,0.03,0.35,8.278,8.198,8.057,361625.73,438918.99,649996.86,3.21
2014-01-08,8.41,8.82,8.44,8.31,402276.0,0.02,0.24,8.174,8.169,8.005,352575.7,453530.22,697519.21,3.31
2014-01-07,7.85,8.57,8.42,7.8,482209.06,0.5,6.31,8.08,8.119,7.921,355804.84,485488.51,680011.21,3.97
2014-01-06,8.04,8.16,7.92,7.86,230912.34,-0.22,-2.7,8.05,8.02,7.807,402278.48,474366.95,657651.94,1.9
2014-01-03,7.85,8.21,8.14,7.85,302135.66,0.19,2.39,8.184,7.976,7.69,503599.71,501478.57,646680.88,2.48
2014-01-02,7.89,8.06,7.95,7.7,345345.44,-0.02,-0.25,8.118,7.905,7.536,516212.25,552867.0,632233.27,2.84
2013-12-31,8.21,8.26,7.97,7.83,418421.69,-0.3,-3.63,8.164,7.912,7.514,554484.74,573425.52,647332.63,3.44
2013-12-30,8.84,8.95,8.27,8.2,714577.25,-0.32,-3.73,8.158,7.916,7.489,615172.19,631651.73,660049.9,5.88
2013-12-27,7.82,8.59,8.59,7.78,737518.5,0.78,9.99,7.99,7.942,7.443,546455.42,706014.63,656842.41,6.07
2013-12-26,8.11,8.27,7.81,7.79,365198.38,-0.37,-4.52,7.768,7.896,7.371,499357.44,733787.87,651800.15,3.0
2013-12-25,7.9,8.28,8.18,7.83,536707.88,0.24,3.02,7.692,7.916,7.342,589521.74,861074.72,670906.94,4.41
2013-12-24,7.5,8.17,7.94,7.44,721858.94,0.51,6.86,7.66,7.841,7.282,592366.3,941508.21,680492.58,5.94
2013-12-23,7.38,7.62,7.43,7.36,370993.38,-0.05,-0.67,7.674,7.722,7.232,648131.26,874533.91,677310.56,3.05
2013-12-20,7.43,7.53,7.48,7.26,502028.62,0.05,0.67,7.894,7.593,7.215,865573.84,840936.93,702836.99,4.13
2013-12-19,8.01,8.13,7.43,7.39,816019.88,-0.59,-7.36,8.024,7.403,7.191,968218.3,791883.19,721092.3,6.71
2013-12-18,8.01,8.24,8.02,7.9,550930.69,0.01,0.12,8.14,7.167,7.167,1132627.7,711599.54,711599.54,4.53
2013-12-17,8.29,8.44,8.01,7.99,1000683.75,-0.52,-6.1,8.022,7.072,7.072,1290650.11,729451.63,729451.63,8.23
2013-12-16,8.39,8.94,8.53,8.28,1458206.25,0.4,4.92,7.77,6.955,6.955,1100936.55,695547.62,695547.62,11.99
2013-12-13,7.9,8.44,8.13,7.78,1015250.94,0.12,1.5,7.292,6.73,6.73,816300.02,586596.38,586596.38,8.35
2013-12-12,7.6,8.17,8.01,7.55,1638066.88,0.58,7.81,6.782,6.497,6.497,615548.08,515153.96,515153.96,13.47
2013-12-11,7.43,7.43,7.43,7.13,1341042.75,0.68,10.07,6.194,6.194,6.194,290571.37,290571.37,290571.37,11.03
2013-12-10,6.75,6.75,6.75,6.75,52115.95,0.61,9.94,5.885,5.885,5.885,27953.53,27953.53,27953.53,0.43
2013-12-06,6.14,6.14,6.14,6.14,35023.57,0.56,10.04,5.597,5.597,5.597,19899.39,19899.39,19899.39,0.29
2013-12-05,5.58,5.58,5.58,5.58,11491.25,0.51,10.06,5.325,5.325,5.325,12337.3,12337.3,12337.3,0.09
2013-12-04,5.07,5.07,5.07,5.07,13183.34,0.46,9.98,5.07,5.07,5.07,13183.34,13183.34,13183.34,0.11
